{
  "version": 1,
  "author": "Anonymous maker",
  "editor": "wokwi",
  "parts": [
    { "type": "board-esp32-devkit-c-v4", "id": "esp", "top": 28.8, "left": -14.36, "attrs": {} },
    {
      "type": "wokwi-buzzer",
      "id": "bz1",
      "top": 60,
      "left": -142.2,
      "attrs": { "volume": "0.1" }
    },
    {
      "type": "wokwi-led",
      "id": "led2",
      "top": 25.2,
      "left": 512.6,
      "attrs": { "color": "purple" }
    },
    { "type": "wokwi-led", "id": "led3", "top": 25.2, "left": 397.4, "attrs": { "color": "red" } },
    { "type": "wokwi-relay-module", "id": "relay1", "top": 9.8, "left": 259.2, "attrs": {} },
    {
      "type": "wokwi-slide-potentiometer",
      "id": "pot1",
      "top": -110.2,
      "left": -250.6,
      "attrs": { "travelLength": "30" }
    },
    {
      "type": "wokwi-slide-potentiometer",
      "id": "pot2",
      "top": -110.2,
      "left": 171.8,
      "attrs": { "travelLength": "30" }
    },
    { "type": "wokwi-dht22", "id": "dht1", "top": 86.7, "left": -245.4, "attrs": {} },
    { "type": "wokwi-led", "id": "led1", "top": 25.2, "left": 455, "attrs": { "color": "cyan" } }
  ],
  "connections": [
    [ "esp:TX", "$serialMonitor:RX", "", [] ],
    [ "esp:RX", "$serialMonitor:TX", "", [] ],
    [ "esp:2", "bz1:2", "white", [ "h19.2", "v67.2", "h-201.2" ] ],
    [ "esp:GND.2", "pot1:GND", "black", [ "v0" ] ],
    [ "relay1:IN", "esp:27", "violet", [ "v201.4", "h-288", "v-96" ] ],
    [ "esp:3V3", "relay1:VCC", "red", [ "h-19.05", "v-28.8", "h278.4" ] ],
    [ "pot1:VCC", "esp:3V3", "red", [ "h-19.2", "v67.2", "h115.2", "v28.8" ] ],
    [ "pot2:VCC", "esp:3V3", "red", [ "h-76.8", "v38.4", "h-144", "v57.6" ] ],
    [ "esp:34", "pot1:SIG", "green", [ "h-47.85", "v-76.8", "h-96" ] ],
    [ "esp:35", "pot2:SIG", "green", [ "h-38.25", "v-115.2", "h211.2", "v-8.8" ] ],
    [ "dht1:GND", "esp:GND.1", "black", [ "v19.2", "h57.6", "v-38.4" ] ],
    [ "esp:GND.2", "relay1:GND", "yellow", [ "h9.6", "v-18.8" ] ],
    [ "bz1:1", "esp:GND.1", "gold", [ "v0" ] ],
    [ "esp:GND.2", "pot2:GND", "black", [ "h19.2", "v-57.6", "h288", "v-57.6" ] ],
    [ "dht1:SDA", "esp:15", "#8f4814", [ "v86.4", "h345.7", "v-48" ] ],
    [ "dht1:VCC", "esp:3V3", "red", [ "v9.6", "h-38.4", "v-115.2" ] ],
    [ "esp:4", "led3:A", "green", [ "h0" ] ],
    [ "led3:C", "esp:GND.3", "blue", [ "v0" ] ],
    [ "esp:5", "led1:A", "green", [ "h0" ] ],
    [ "led1:C", "esp:GND.3", "blue", [ "v0" ] ],
    [ "led2:C", "esp:GND.3", "blue", [ "v0" ] ],
    [ "led2:A", "esp:17", "green", [ "v0" ] ]
  ],
  "dependencies": {}
}